Soru No,Soru,Cevap,Doğru Cevap
1,Makinenin en fazla arıza yaptığı tarih aralığını verebilir misin?,2023-05-03 05:54 ile 2023-05-03 17:21 arasında,
1,Makinenin en fazla arıza yaptığı tarih aralığını söyler misin?,2023-05-03 05:54 ile 2023-05-03 17:21 arasında,
1,Makinenin en fazla arıza yaptığı tarih aralığını belirtir misin?,2023-05-03 05:54 ile 2023-05-03 17:21 arasında,
1,Makinenin en fazla arıza yaptığı tarih aralığını açıklayabilir misin?,2023-05-03 05:54 ile 2023-05-03 17:21 arasında,
1,Makinenin en fazla arıza yaptığı tarih aralığını paylaşır mısın?,2023-05-03 05:54 ile 2023-05-03 17:21 arasında,
2,Geçmişte sarı alarm seviyesinde en çok hangi tarihlerde görüldü verebilir misin?,"2023-01-19, 2023-01-20, 2023-01-21, 2023-01-22, 2023-01-23, 2023-01-24, 2023-01-25, 2023-01-26, 2023-01-27, 2023-01-28, 2023-01-29, 2023-01-30, 2023-02-01, 2023-10-02, 2023-10-03",
2,Geçmişte sarı alarm seviyesinde en çok hangi tarihlerde görüldü söyler misin?,"2023-01-19, 2023-01-20, 2023-01-21, 2023-01-22, 2023-01-23, 2023-01-24, 2023-01-25, 2023-01-26, 2023-01-27, 2023-01-28, 2023-01-29, 2023-01-30, 2023-02-01, 2023-10-02, 2023-10-03",
2,Geçmişte sarı alarm seviyesinde en çok hangi tarihlerde görüldü belirtir misin?,"2023-01-19, 2023-01-20, 2023-01-21, 2023-01-22, 2023-01-23, 2023-01-24, 2023-01-25, 2023-01-26, 2023-01-27, 2023-01-28, 2023-01-29, 2023-01-30, 2023-02-01, 2023-10-02, 2023-10-03",
2,Geçmişte sarı alarm seviyesinde en çok hangi tarihlerde görüldü açıklayabilir misin?,2023-05-03,
2,Geçmişte sarı alarm seviyesinde en çok hangi tarihlerde görüldü paylaşır mısın?,2023-05-03,
3,Geçmişte kırmızı alarm seviyesinde en çok hangi tarihlerde görüldü verebilir misin?,2023-05-03,
3,Geçmişte kırmızı alarm seviyesinde en çok hangi tarihlerde görüldü söyler misin?,2023-05-03,
3,Geçmişte kırmızı alarm seviyesinde en çok hangi tarihlerde görüldü belirtir misin?,2023-05-03,
3,Geçmişte kırmızı alarm seviyesinde en çok hangi tarihlerde görüldü açıklayabilir misin?,2023-05-03,
3,Geçmişte kırmızı alarm seviyesinde en çok hangi tarihlerde görüldü paylaşır mısın?,2023-05-03,
4,Makine performansındaki dalgalanmalar hakkında bilgi verebilir misin?,Değerler 0.00–241.18 mm/s arasında dalgalanmıştır.,
4,Makine performansındaki dalgalanmalar hakkında bilgi söyler misin?,Değerler 0.00–241.18 mm/s arasında dalgalanmıştır.,
4,Makine performansındaki dalgalanmalar hakkında bilgi belirtir misin?,Değerler 0.00–241.18 mm/s arasında dalgalanmıştır.,
4,Makine performansındaki dalgalanmalar hakkında bilgi açıklayabilir misin?,Değerler 0.00–241.18 mm/s arasında dalgalanmıştır.,
4,Makine performansındaki dalgalanmalar hakkında bilgi paylaşır mısın?,Değerler 0.00–241.18 mm/s arasında dalgalanmıştır.,
5,01/01/2023–31/12/2023 aralığında makinede kaç kez alarm durumu oluştu verebilir misin?,14351,
5,01/01/2023–31/12/2023 aralığında makinede kaç kez alarm durumu oluştu söyler misin?,14351,
5,01/01/2023–31/12/2023 aralığında makinede kaç kez alarm durumu oluştu belirtir misin?,14351,
5,01/01/2023–31/12/2023 aralığında makinede kaç kez alarm durumu oluştu açıklayabilir misin?,14351,
5,01/01/2023–31/12/2023 aralığında makinede kaç kez alarm durumu oluştu paylaşır mısın?,14351,
6,Makine hangi değerlerde sarı alarma geçiyor verebilir misin?,2.8–11.2 mm/s,
6,Makine hangi değerlerde sarı alarma geçiyor söyler misin?,2.8–11.2 mm/s,
6,Makine hangi değerlerde sarı alarma geçiyor belirtir misin?,2.8–11.2 mm/s,
6,Makine hangi değerlerde sarı alarma geçiyor açıklayabilir misin?,14+ mm/s,
6,Makine hangi değerlerde sarı alarma geçiyor paylaşır mısın?,14+ mm/s,
7,Makine hangi değerlerde kırmızı alarma geçiyor verebilir misin?,14+ mm/s,
7,Makine hangi değerlerde kırmızı alarma geçiyor söyler misin?,14+ mm/s,
7,Makine hangi değerlerde kırmızı alarma geçiyor belirtir misin?,14+ mm/s,
7,Makine hangi değerlerde kırmızı alarma geçiyor açıklayabilir misin?,14+ mm/s,
7,Makine hangi değerlerde kırmızı alarma geçiyor paylaşır mısın?,14+ mm/s,
8,15/02/2023 tarihinde RTF makinesi hangi değer aralığında çalıştı verebilir misin?,"min=0.00, max=241.18, ort=2.95 mm/s",
8,15/02/2023 tarihinde RTF makinesi hangi değer aralığında çalıştı söyler misin?,"min=0.00, max=241.18, ort=2.95 mm/s",
8,15/02/2023 tarihinde RTF makinesi hangi değer aralığında çalıştı belirtir misin?,"min=0.00, max=241.18, ort=2.95 mm/s",
8,15/02/2023 tarihinde RTF makinesi hangi değer aralığında çalıştı açıklayabilir misin?,"min=0.00, max=241.18, ort=2.95 mm/s",
8,15/02/2023 tarihinde RTF makinesi hangi değer aralığında çalıştı paylaşır mısın?,"min=0.00, max=241.18, ort=2.95 mm/s",
9,15/02/2023 tarihinde RTF makinesinin renk seviyesinde değer gösterdi verebilir misin?,Green,
9,15/02/2023 tarihinde RTF makinesinin renk seviyesinde değer gösterdi söyler misin?,Green,
9,15/02/2023 tarihinde RTF makinesinin renk seviyesinde değer gösterdi belirtir misin?,Green,
9,15/02/2023 tarihinde RTF makinesinin renk seviyesinde değer gösterdi açıklayabilir misin?,"min=0.00, max=241.18, ort=2.95 mm/s",
9,15/02/2023 tarihinde RTF makinesinin renk seviyesinde değer gösterdi paylaşır mısın?,"min=0.00, max=241.18, ort=2.95 mm/s",
10,15/02/2023 tarihinde makine performansı hakkında bilgi alabilir miyim verebilir misin?,Değerler 0.00–241.18 mm/s arasında dalgalanmıştır.,
10,15/02/2023 tarihinde makine performansı hakkında bilgi alabilir miyim söyler misin?,Değerler 0.00–241.18 mm/s arasında dalgalanmıştır.,
10,15/02/2023 tarihinde makine performansı hakkında bilgi alabilir miyim belirtir misin?,Değerler 0.00–241.18 mm/s arasında dalgalanmıştır.,
10,15/02/2023 tarihinde makine performansı hakkında bilgi alabilir miyim açıklayabilir misin?,"min=0.00, max=241.18, ort=2.95 mm/s",
10,15/02/2023 tarihinde makine performansı hakkında bilgi alabilir miyim paylaşır mısın?,"min=0.00, max=241.18, ort=2.95 mm/s",
11,RTF makinesi hangi 01/06/2023–30/06/2023 aralığında turuncu alarm seviyesinde çalıştı verebilir misin?,"2023-01-31, 2023-04-25, 2023-04-26, 2023-04-27, 2023-04-28, 2023-04-29, 2023-04-30, 2023-05-01, 2023-05-04, 2023-07-02, 2023-07-03, 2023-07-24, 2023-10-04, 2023-10-05, 2023-10-06, 2023-11-21, 2023-11-26, 2023-12-10",
11,RTF makinesi hangi 01/06/2023–30/06/2023 aralığında turuncu alarm seviyesinde çalıştı söyler misin?,"2023-01-31, 2023-04-25, 2023-04-26, 2023-04-27, 2023-04-28, 2023-04-29, 2023-04-30, 2023-05-01, 2023-05-04, 2023-07-02, 2023-07-03, 2023-07-24, 2023-10-04, 2023-10-05, 2023-10-06, 2023-11-21, 2023-11-26, 2023-12-10",
11,RTF makinesi hangi 01/06/2023–30/06/2023 aralığında turuncu alarm seviyesinde çalıştı belirtir misin?,"2023-01-31, 2023-04-25, 2023-04-26, 2023-04-27, 2023-04-28, 2023-04-29, 2023-04-30, 2023-05-01, 2023-05-04, 2023-07-02, 2023-07-03, 2023-07-24, 2023-10-04, 2023-10-05, 2023-10-06, 2023-11-21, 2023-11-26, 2023-12-10",
11,RTF makinesi hangi 01/06/2023–30/06/2023 aralığında turuncu alarm seviyesinde çalıştı açıklayabilir misin?,"2023-01-31, 2023-04-25, 2023-04-26, 2023-04-27, 2023-04-28, 2023-04-29, 2023-04-30, 2023-05-01, 2023-05-04, 2023-07-02, 2023-07-03, 2023-07-24, 2023-10-04, 2023-10-05, 2023-10-06, 2023-11-21, 2023-11-26, 2023-12-10",
11,RTF makinesi hangi 01/06/2023–30/06/2023 aralığında turuncu alarm seviyesinde çalıştı paylaşır mısın?,"2023-01-31, 2023-04-25, 2023-04-26, 2023-04-27, 2023-04-28, 2023-04-29, 2023-04-30, 2023-05-01, 2023-05-04, 2023-07-02, 2023-07-03, 2023-07-24, 2023-10-04, 2023-10-05, 2023-10-06, 2023-11-21, 2023-11-26, 2023-12-10",
12,2023 yılında makine performansı nasıldı verebilir misin?,"min=0.00, max=241.18, ort=2.95 mm/s",
12,2023 yılında makine performansı nasıldı söyler misin?,"min=0.00, max=241.18, ort=2.95 mm/s",
12,2023 yılında makine performansı nasıldı belirtir misin?,"min=0.00, max=241.18, ort=2.95 mm/s",
12,2023 yılında makine performansı nasıldı açıklayabilir misin?,"min=0.00, max=241.18, ort=2.95 mm/s",
12,2023 yılında makine performansı nasıldı paylaşır mısın?,"min=0.00, max=241.18, ort=2.95 mm/s",
13,Son bir yıl içinde makine hangi günlerde tamamen durdu verebilir misin?,2023-05-24,
13,Son bir yıl içinde makine hangi günlerde tamamen durdu söyler misin?,2023-05-24,
13,Son bir yıl içinde makine hangi günlerde tamamen durdu belirtir misin?,2023-05-24,
13,Son bir yıl içinde makine hangi günlerde tamamen durdu açıklayabilir misin?,2023-05-24,
13,Son bir yıl içinde makine hangi günlerde tamamen durdu paylaşır mısın?,2023-05-24,
14,Kırmızı seviyede çalıştığı tarihlerde makine tamamen durdu mu verebilir misin?,"2023-05-02, 2023-05-03",
14,Kırmızı seviyede çalıştığı tarihlerde makine tamamen durdu mu söyler misin?,"2023-05-02, 2023-05-03",
14,Kırmızı seviyede çalıştığı tarihlerde makine tamamen durdu mu belirtir misin?,"2023-05-02, 2023-05-03",
14,Kırmızı seviyede çalıştığı tarihlerde makine tamamen durdu mu açıklayabilir misin?,"2023-05-02, 2023-05-03",
14,Kırmızı seviyede çalıştığı tarihlerde makine tamamen durdu mu paylaşır mısın?,"2023-05-02, 2023-05-03",
15,15 Ocak 2023’ten itibaren yeşil alarmda çalışılan toplam süre nedir verebilir misin?,12316.93 saat (739016 dakika),
15,15 Ocak 2023’ten itibaren yeşil alarmda çalışılan toplam süre nedir söyler misin?,12316.93 saat (739016 dakika),
15,15 Ocak 2023’ten itibaren yeşil alarmda çalışılan toplam süre nedir belirtir misin?,12316.93 saat (739016 dakika),
15,15 Ocak 2023’ten itibaren yeşil alarmda çalışılan toplam süre nedir açıklayabilir misin?,12316.93 saat (739016 dakika),
15,15 Ocak 2023’ten itibaren yeşil alarmda çalışılan toplam süre nedir paylaşır mısın?,12316.93 saat (739016 dakika),
16,Son üç ay içinde sarı alarm seviyesinde çalışılan toplam gün sayısı nedir verebilir misin?,Veri aralığı: 2023-01-18–2023-12-23.,
16,Son üç ay içinde sarı alarm seviyesinde çalışılan toplam gün sayısı nedir söyler misin?,Veri aralığı: 2023-01-18–2023-12-23.,
16,Son üç ay içinde sarı alarm seviyesinde çalışılan toplam gün sayısı nedir belirtir misin?,Veri aralığı: 2023-01-18–2023-12-23.,
16,Son üç ay içinde sarı alarm seviyesinde çalışılan toplam gün sayısı nedir açıklayabilir misin?,Veri aralığı: 2023-01-18–2023-12-23.,
16,Son üç ay içinde sarı alarm seviyesinde çalışılan toplam gün sayısı nedir paylaşır mısın?,Veri aralığı: 2023-01-18–2023-12-23.,
17,Son üç ay içinde turuncu alarm seviyesinde çalışılan toplam gün sayısı nedir verebilir misin?,Veri aralığı: 2023-01-18–2023-12-23.,
17,Son üç ay içinde turuncu alarm seviyesinde çalışılan toplam gün sayısı nedir söyler misin?,Veri aralığı: 2023-01-18–2023-12-23.,
17,Son üç ay içinde turuncu alarm seviyesinde çalışılan toplam gün sayısı nedir belirtir misin?,Veri aralığı: 2023-01-18–2023-12-23.,
17,Son üç ay içinde turuncu alarm seviyesinde çalışılan toplam gün sayısı nedir açıklayabilir misin?,Veri aralığı: 2023-01-18–2023-12-23.,
17,Son üç ay içinde turuncu alarm seviyesinde çalışılan toplam gün sayısı nedir paylaşır mısın?,Veri aralığı: 2023-01-18–2023-12-23.,
18,Son üç ay içinde yeşil alarm seviyesinde çalışılan toplam gün sayısı nedir verebilir misin?,Veri aralığı: 2023-01-18–2023-12-23.,
18,Son üç ay içinde yeşil alarm seviyesinde çalışılan toplam gün sayısı nedir söyler misin?,Veri aralığı: 2023-01-18–2023-12-23.,
18,Son üç ay içinde yeşil alarm seviyesinde çalışılan toplam gün sayısı nedir belirtir misin?,Veri aralığı: 2023-01-18–2023-12-23.,
18,Son üç ay içinde yeşil alarm seviyesinde çalışılan toplam gün sayısı nedir açıklayabilir misin?,Veri aralığı: 2023-01-18–2023-12-23.,
18,Son üç ay içinde yeşil alarm seviyesinde çalışılan toplam gün sayısı nedir paylaşır mısın?,Veri aralığı: 2023-01-18–2023-12-23.,
19,Son üç ay içinde kırmızı alarm seviyesinde çalışılan toplam gün sayısı nedir verebilir misin?,Veri aralığı: 2023-01-18–2023-12-23.,
19,Son üç ay içinde kırmızı alarm seviyesinde çalışılan toplam gün sayısı nedir söyler misin?,Veri aralığı: 2023-01-18–2023-12-23.,
19,Son üç ay içinde kırmızı alarm seviyesinde çalışılan toplam gün sayısı nedir belirtir misin?,Veri aralığı: 2023-01-18–2023-12-23.,
19,Son üç ay içinde kırmızı alarm seviyesinde çalışılan toplam gün sayısı nedir açıklayabilir misin?,Veri aralığı: 2023-01-18–2023-12-23.,
19,Son üç ay içinde kırmızı alarm seviyesinde çalışılan toplam gün sayısı nedir paylaşır mısın?,Veri aralığı: 2023-01-18–2023-12-23.,
20,Yeşil aralıktan direkt olarak kırmızıya geçiş yapan tarihler mevcut mu verebilir misin?,0,
20,Yeşil aralıktan direkt olarak kırmızıya geçiş yapan tarihler mevcut mu söyler misin?,0,
20,Yeşil aralıktan direkt olarak kırmızıya geçiş yapan tarihler mevcut mu belirtir misin?,0,
20,Yeşil aralıktan direkt olarak kırmızıya geçiş yapan tarihler mevcut mu açıklayabilir misin?,0,
20,Yeşil aralıktan direkt olarak kırmızıya geçiş yapan tarihler mevcut mu paylaşır mısın?,0,
21,Hangi tarihlerde renk aralıklarının daha düzenli olduğu gözlemlendi verebilir misin?,"2023-02-03, 2023-02-04, 2023-02-05, 2023-02-06, 2023-02-07, 2023-02-08, 2023-02-09, 2023-02-10, 2023-02-11, 2023-02-12, 2023-02-13, 2023-02-14, 2023-02-15, 2023-02-16, 2023-02-17, 2023-02-19, 2023-02-22, 2023-02-23, 2023-02-25, 2023-03-01, 2023-03-02, 2023-03-03, 2023-03-04, 2023-03-05, 2023-03-06, 2023-03-07, 2023-03-09, 2023-03-10, 2023-03-11, 2023-03-12, 2023-03-13, 2023-03-14, 2023-03-15, 2023-03-16, 2023-03-17, 2023-03-18, 2023-03-19, 2023-03-20, 2023-03-21, 2023-03-22, 2023-03-23, 2023-03-24, 2023-03-29, 2023-03-30, 2023-03-31, 2023-04-03, 2023-04-04, 2023-04-05, 2023-04-06, 2023-04-07, 2023-04-08, 2023-04-09, 2023-04-10, 2023-04-18, 2023-04-19, 2023-04-20, 2023-05-05, 2023-05-10, 2023-05-13, 2023-05-15, 2023-05-16, 2023-05-17, 2023-05-18, 2023-05-19, 2023-05-20, 2023-05-23, 2023-05-24, 2023-05-25, 2023-05-26, 2023-05-27, 2023-05-28, 2023-05-29, 2023-05-30, 2023-05-31, 2023-06-02, 2023-06-03, 2023-06-04, 2023-06-05, 2023-06-06, 2023-06-07, 2023-06-08, 2023-06-12, 2023-06-13, 2023-06-14, 2023-06-19, 2023-06-20, 2023-06-21, 2023-06-22, 2023-06-23, 2023-06-24, 2023-06-25, 2023-06-26, 2023-06-27, 2023-06-28, 2023-06-29, 2023-07-04, 2023-07-05, 2023-07-06, 2023-07-07, 2023-07-08, 2023-07-09, 2023-07-10, 2023-07-11, 2023-07-12, 2023-07-13, 2023-07-14, 2023-07-17, 2023-07-19, 2023-07-21, 2023-07-22, 2023-07-23, 2023-07-28, 2023-07-29, 2023-08-01, 2023-08-02, 2023-08-03, 2023-08-04, 2023-08-05, 2023-08-06, 2023-08-07, 2023-08-08, 2023-08-09, 2023-08-10, 2023-08-11, 2023-08-12, 2023-08-13, 2023-08-14, 2023-08-15, 2023-08-16, 2023-08-17, 2023-08-18, 2023-08-19, 2023-08-20, 2023-08-21, 2023-08-22, 2023-08-23, 2023-08-24, 2023-08-25, 2023-08-26, 2023-08-27, 2023-08-28, 2023-08-29, 2023-08-30, 2023-08-31, 2023-09-01, 2023-09-02, 2023-09-03, 2023-09-04, 2023-09-05, 2023-09-06, 2023-09-07, 2023-09-08, 2023-09-09, 2023-09-10, 2023-09-11, 2023-09-12, 2023-09-13, 2023-09-14, 2023-09-15, 2023-09-16, 2023-09-17, 2023-09-18, 2023-09-19, 2023-09-20, 2023-09-21, 2023-09-22, 2023-09-23, 2023-09-24, 2023-09-25, 2023-09-26, 2023-09-27, 2023-09-28, 2023-09-29, 2023-10-13, 2023-10-22, 2023-10-23, 2023-10-24, 2023-10-25, 2023-10-26, 2023-10-27, 2023-10-31, 2023-11-01, 2023-11-02, 2023-11-03, 2023-11-04, 2023-11-05, 2023-11-06, 2023-11-07, 2023-11-08, 2023-11-09, 2023-11-13, 2023-11-14, 2023-11-15, 2023-11-17, 2023-11-18, 2023-11-23, 2023-11-24",
21,Hangi tarihlerde renk aralıklarının daha düzenli olduğu gözlemlendi söyler misin?,"2023-02-03, 2023-02-04, 2023-02-05, 2023-02-06, 2023-02-07, 2023-02-08, 2023-02-09, 2023-02-10, 2023-02-11, 2023-02-12, 2023-02-13, 2023-02-14, 2023-02-15, 2023-02-16, 2023-02-17, 2023-02-19, 2023-02-22, 2023-02-23, 2023-02-25, 2023-03-01, 2023-03-02, 2023-03-03, 2023-03-04, 2023-03-05, 2023-03-06, 2023-03-07, 2023-03-09, 2023-03-10, 2023-03-11, 2023-03-12, 2023-03-13, 2023-03-14, 2023-03-15, 2023-03-16, 2023-03-17, 2023-03-18, 2023-03-19, 2023-03-20, 2023-03-21, 2023-03-22, 2023-03-23, 2023-03-24, 2023-03-29, 2023-03-30, 2023-03-31, 2023-04-03, 2023-04-04, 2023-04-05, 2023-04-06, 2023-04-07, 2023-04-08, 2023-04-09, 2023-04-10, 2023-04-18, 2023-04-19, 2023-04-20, 2023-05-05, 2023-05-10, 2023-05-13, 2023-05-15, 2023-05-16, 2023-05-17, 2023-05-18, 2023-05-19, 2023-05-20, 2023-05-23, 2023-05-24, 2023-05-25, 2023-05-26, 2023-05-27, 2023-05-28, 2023-05-29, 2023-05-30, 2023-05-31, 2023-06-02, 2023-06-03, 2023-06-04, 2023-06-05, 2023-06-06, 2023-06-07, 2023-06-08, 2023-06-12, 2023-06-13, 2023-06-14, 2023-06-19, 2023-06-20, 2023-06-21, 2023-06-22, 2023-06-23, 2023-06-24, 2023-06-25, 2023-06-26, 2023-06-27, 2023-06-28, 2023-06-29, 2023-07-04, 2023-07-05, 2023-07-06, 2023-07-07, 2023-07-08, 2023-07-09, 2023-07-10, 2023-07-11, 2023-07-12, 2023-07-13, 2023-07-14, 2023-07-17, 2023-07-19, 2023-07-21, 2023-07-22, 2023-07-23, 2023-07-28, 2023-07-29, 2023-08-01, 2023-08-02, 2023-08-03, 2023-08-04, 2023-08-05, 2023-08-06, 2023-08-07, 2023-08-08, 2023-08-09, 2023-08-10, 2023-08-11, 2023-08-12, 2023-08-13, 2023-08-14, 2023-08-15, 2023-08-16, 2023-08-17, 2023-08-18, 2023-08-19, 2023-08-20, 2023-08-21, 2023-08-22, 2023-08-23, 2023-08-24, 2023-08-25, 2023-08-26, 2023-08-27, 2023-08-28, 2023-08-29, 2023-08-30, 2023-08-31, 2023-09-01, 2023-09-02, 2023-09-03, 2023-09-04, 2023-09-05, 2023-09-06, 2023-09-07, 2023-09-08, 2023-09-09, 2023-09-10, 2023-09-11, 2023-09-12, 2023-09-13, 2023-09-14, 2023-09-15, 2023-09-16, 2023-09-17, 2023-09-18, 2023-09-19, 2023-09-20, 2023-09-21, 2023-09-22, 2023-09-23, 2023-09-24, 2023-09-25, 2023-09-26, 2023-09-27, 2023-09-28, 2023-09-29, 2023-10-13, 2023-10-22, 2023-10-23, 2023-10-24, 2023-10-25, 2023-10-26, 2023-10-27, 2023-10-31, 2023-11-01, 2023-11-02, 2023-11-03, 2023-11-04, 2023-11-05, 2023-11-06, 2023-11-07, 2023-11-08, 2023-11-09, 2023-11-13, 2023-11-14, 2023-11-15, 2023-11-17, 2023-11-18, 2023-11-23, 2023-11-24",
21,Hangi tarihlerde renk aralıklarının daha düzenli olduğu gözlemlendi belirtir misin?,"2023-02-03, 2023-02-04, 2023-02-05, 2023-02-06, 2023-02-07, 2023-02-08, 2023-02-09, 2023-02-10, 2023-02-11, 2023-02-12, 2023-02-13, 2023-02-14, 2023-02-15, 2023-02-16, 2023-02-17, 2023-02-19, 2023-02-22, 2023-02-23, 2023-02-25, 2023-03-01, 2023-03-02, 2023-03-03, 2023-03-04, 2023-03-05, 2023-03-06, 2023-03-07, 2023-03-09, 2023-03-10, 2023-03-11, 2023-03-12, 2023-03-13, 2023-03-14, 2023-03-15, 2023-03-16, 2023-03-17, 2023-03-18, 2023-03-19, 2023-03-20, 2023-03-21, 2023-03-22, 2023-03-23, 2023-03-24, 2023-03-29, 2023-03-30, 2023-03-31, 2023-04-03, 2023-04-04, 2023-04-05, 2023-04-06, 2023-04-07, 2023-04-08, 2023-04-09, 2023-04-10, 2023-04-18, 2023-04-19, 2023-04-20, 2023-05-05, 2023-05-10, 2023-05-13, 2023-05-15, 2023-05-16, 2023-05-17, 2023-05-18, 2023-05-19, 2023-05-20, 2023-05-23, 2023-05-24, 2023-05-25, 2023-05-26, 2023-05-27, 2023-05-28, 2023-05-29, 2023-05-30, 2023-05-31, 2023-06-02, 2023-06-03, 2023-06-04, 2023-06-05, 2023-06-06, 2023-06-07, 2023-06-08, 2023-06-12, 2023-06-13, 2023-06-14, 2023-06-19, 2023-06-20, 2023-06-21, 2023-06-22, 2023-06-23, 2023-06-24, 2023-06-25, 2023-06-26, 2023-06-27, 2023-06-28, 2023-06-29, 2023-07-04, 2023-07-05, 2023-07-06, 2023-07-07, 2023-07-08, 2023-07-09, 2023-07-10, 2023-07-11, 2023-07-12, 2023-07-13, 2023-07-14, 2023-07-17, 2023-07-19, 2023-07-21, 2023-07-22, 2023-07-23, 2023-07-28, 2023-07-29, 2023-08-01, 2023-08-02, 2023-08-03, 2023-08-04, 2023-08-05, 2023-08-06, 2023-08-07, 2023-08-08, 2023-08-09, 2023-08-10, 2023-08-11, 2023-08-12, 2023-08-13, 2023-08-14, 2023-08-15, 2023-08-16, 2023-08-17, 2023-08-18, 2023-08-19, 2023-08-20, 2023-08-21, 2023-08-22, 2023-08-23, 2023-08-24, 2023-08-25, 2023-08-26, 2023-08-27, 2023-08-28, 2023-08-29, 2023-08-30, 2023-08-31, 2023-09-01, 2023-09-02, 2023-09-03, 2023-09-04, 2023-09-05, 2023-09-06, 2023-09-07, 2023-09-08, 2023-09-09, 2023-09-10, 2023-09-11, 2023-09-12, 2023-09-13, 2023-09-14, 2023-09-15, 2023-09-16, 2023-09-17, 2023-09-18, 2023-09-19, 2023-09-20, 2023-09-21, 2023-09-22, 2023-09-23, 2023-09-24, 2023-09-25, 2023-09-26, 2023-09-27, 2023-09-28, 2023-09-29, 2023-10-13, 2023-10-22, 2023-10-23, 2023-10-24, 2023-10-25, 2023-10-26, 2023-10-27, 2023-10-31, 2023-11-01, 2023-11-02, 2023-11-03, 2023-11-04, 2023-11-05, 2023-11-06, 2023-11-07, 2023-11-08, 2023-11-09, 2023-11-13, 2023-11-14, 2023-11-15, 2023-11-17, 2023-11-18, 2023-11-23, 2023-11-24",
21,Hangi tarihlerde renk aralıklarının daha düzenli olduğu gözlemlendi açıklayabilir misin?,"2023-02-03, 2023-02-04, 2023-02-05, 2023-02-06, 2023-02-07, 2023-02-08, 2023-02-09, 2023-02-10, 2023-02-11, 2023-02-12, 2023-02-13, 2023-02-14, 2023-02-15, 2023-02-16, 2023-02-17, 2023-02-19, 2023-02-22, 2023-02-23, 2023-02-25, 2023-03-01, 2023-03-02, 2023-03-03, 2023-03-04, 2023-03-05, 2023-03-06, 2023-03-07, 2023-03-09, 2023-03-10, 2023-03-11, 2023-03-12, 2023-03-13, 2023-03-14, 2023-03-15, 2023-03-16, 2023-03-17, 2023-03-18, 2023-03-19, 2023-03-20, 2023-03-21, 2023-03-22, 2023-03-23, 2023-03-24, 2023-03-29, 2023-03-30, 2023-03-31, 2023-04-03, 2023-04-04, 2023-04-05, 2023-04-06, 2023-04-07, 2023-04-08, 2023-04-09, 2023-04-10, 2023-04-18, 2023-04-19, 2023-04-20, 2023-05-05, 2023-05-10, 2023-05-13, 2023-05-15, 2023-05-16, 2023-05-17, 2023-05-18, 2023-05-19, 2023-05-20, 2023-05-23, 2023-05-24, 2023-05-25, 2023-05-26, 2023-05-27, 2023-05-28, 2023-05-29, 2023-05-30, 2023-05-31, 2023-06-02, 2023-06-03, 2023-06-04, 2023-06-05, 2023-06-06, 2023-06-07, 2023-06-08, 2023-06-12, 2023-06-13, 2023-06-14, 2023-06-19, 2023-06-20, 2023-06-21, 2023-06-22, 2023-06-23, 2023-06-24, 2023-06-25, 2023-06-26, 2023-06-27, 2023-06-28, 2023-06-29, 2023-07-04, 2023-07-05, 2023-07-06, 2023-07-07, 2023-07-08, 2023-07-09, 2023-07-10, 2023-07-11, 2023-07-12, 2023-07-13, 2023-07-14, 2023-07-17, 2023-07-19, 2023-07-21, 2023-07-22, 2023-07-23, 2023-07-28, 2023-07-29, 2023-08-01, 2023-08-02, 2023-08-03, 2023-08-04, 2023-08-05, 2023-08-06, 2023-08-07, 2023-08-08, 2023-08-09, 2023-08-10, 2023-08-11, 2023-08-12, 2023-08-13, 2023-08-14, 2023-08-15, 2023-08-16, 2023-08-17, 2023-08-18, 2023-08-19, 2023-08-20, 2023-08-21, 2023-08-22, 2023-08-23, 2023-08-24, 2023-08-25, 2023-08-26, 2023-08-27, 2023-08-28, 2023-08-29, 2023-08-30, 2023-08-31, 2023-09-01, 2023-09-02, 2023-09-03, 2023-09-04, 2023-09-05, 2023-09-06, 2023-09-07, 2023-09-08, 2023-09-09, 2023-09-10, 2023-09-11, 2023-09-12, 2023-09-13, 2023-09-14, 2023-09-15, 2023-09-16, 2023-09-17, 2023-09-18, 2023-09-19, 2023-09-20, 2023-09-21, 2023-09-22, 2023-09-23, 2023-09-24, 2023-09-25, 2023-09-26, 2023-09-27, 2023-09-28, 2023-09-29, 2023-10-13, 2023-10-22, 2023-10-23, 2023-10-24, 2023-10-25, 2023-10-26, 2023-10-27, 2023-10-31, 2023-11-01, 2023-11-02, 2023-11-03, 2023-11-04, 2023-11-05, 2023-11-06, 2023-11-07, 2023-11-08, 2023-11-09, 2023-11-13, 2023-11-14, 2023-11-15, 2023-11-17, 2023-11-18, 2023-11-23, 2023-11-24",
21,Hangi tarihlerde renk aralıklarının daha düzenli olduğu gözlemlendi paylaşır mısın?,"2023-02-03, 2023-02-04, 2023-02-05, 2023-02-06, 2023-02-07, 2023-02-08, 2023-02-09, 2023-02-10, 2023-02-11, 2023-02-12, 2023-02-13, 2023-02-14, 2023-02-15, 2023-02-16, 2023-02-17, 2023-02-19, 2023-02-22, 2023-02-23, 2023-02-25, 2023-03-01, 2023-03-02, 2023-03-03, 2023-03-04, 2023-03-05, 2023-03-06, 2023-03-07, 2023-03-09, 2023-03-10, 2023-03-11, 2023-03-12, 2023-03-13, 2023-03-14, 2023-03-15, 2023-03-16, 2023-03-17, 2023-03-18, 2023-03-19, 2023-03-20, 2023-03-21, 2023-03-22, 2023-03-23, 2023-03-24, 2023-03-29, 2023-03-30, 2023-03-31, 2023-04-03, 2023-04-04, 2023-04-05, 2023-04-06, 2023-04-07, 2023-04-08, 2023-04-09, 2023-04-10, 2023-04-18, 2023-04-19, 2023-04-20, 2023-05-05, 2023-05-10, 2023-05-13, 2023-05-15, 2023-05-16, 2023-05-17, 2023-05-18, 2023-05-19, 2023-05-20, 2023-05-23, 2023-05-24, 2023-05-25, 2023-05-26, 2023-05-27, 2023-05-28, 2023-05-29, 2023-05-30, 2023-05-31, 2023-06-02, 2023-06-03, 2023-06-04, 2023-06-05, 2023-06-06, 2023-06-07, 2023-06-08, 2023-06-12, 2023-06-13, 2023-06-14, 2023-06-19, 2023-06-20, 2023-06-21, 2023-06-22, 2023-06-23, 2023-06-24, 2023-06-25, 2023-06-26, 2023-06-27, 2023-06-28, 2023-06-29, 2023-07-04, 2023-07-05, 2023-07-06, 2023-07-07, 2023-07-08, 2023-07-09, 2023-07-10, 2023-07-11, 2023-07-12, 2023-07-13, 2023-07-14, 2023-07-17, 2023-07-19, 2023-07-21, 2023-07-22, 2023-07-23, 2023-07-28, 2023-07-29, 2023-08-01, 2023-08-02, 2023-08-03, 2023-08-04, 2023-08-05, 2023-08-06, 2023-08-07, 2023-08-08, 2023-08-09, 2023-08-10, 2023-08-11, 2023-08-12, 2023-08-13, 2023-08-14, 2023-08-15, 2023-08-16, 2023-08-17, 2023-08-18, 2023-08-19, 2023-08-20, 2023-08-21, 2023-08-22, 2023-08-23, 2023-08-24, 2023-08-25, 2023-08-26, 2023-08-27, 2023-08-28, 2023-08-29, 2023-08-30, 2023-08-31, 2023-09-01, 2023-09-02, 2023-09-03, 2023-09-04, 2023-09-05, 2023-09-06, 2023-09-07, 2023-09-08, 2023-09-09, 2023-09-10, 2023-09-11, 2023-09-12, 2023-09-13, 2023-09-14, 2023-09-15, 2023-09-16, 2023-09-17, 2023-09-18, 2023-09-19, 2023-09-20, 2023-09-21, 2023-09-22, 2023-09-23, 2023-09-24, 2023-09-25, 2023-09-26, 2023-09-27, 2023-09-28, 2023-09-29, 2023-10-13, 2023-10-22, 2023-10-23, 2023-10-24, 2023-10-25, 2023-10-26, 2023-10-27, 2023-10-31, 2023-11-01, 2023-11-02, 2023-11-03, 2023-11-04, 2023-11-05, 2023-11-06, 2023-11-07, 2023-11-08, 2023-11-09, 2023-11-13, 2023-11-14, 2023-11-15, 2023-11-17, 2023-11-18, 2023-11-23, 2023-11-24",
22,"Makine, son bir yıl içinde hangi aylarda daha çok yeşil alarm seviyesindeydi verebilir misin?",2023-05-03,
22,"Makine, son bir yıl içinde hangi aylarda daha çok yeşil alarm seviyesindeydi söyler misin?",2023-05-03,
22,"Makine, son bir yıl içinde hangi aylarda daha çok yeşil alarm seviyesindeydi belirtir misin?",2023-05-03,
22,"Makine, son bir yıl içinde hangi aylarda daha çok yeşil alarm seviyesindeydi açıklayabilir misin?",2023-05-03,
22,"Makine, son bir yıl içinde hangi aylarda daha çok yeşil alarm seviyesindeydi paylaşır mısın?",2023-05-03,
23,Makine performansının zaman içindeki değişimi ne şekildeydi verebilir misin?,0.00–241.18; ort 2.95,
23,Makine performansının zaman içindeki değişimi ne şekildeydi söyler misin?,0.00–241.18; ort 2.95,
23,Makine performansının zaman içindeki değişimi ne şekildeydi belirtir misin?,0.00–241.18; ort 2.95,
23,Makine performansının zaman içindeki değişimi ne şekildeydi açıklayabilir misin?,0.00–241.18; ort 2.95,
23,Makine performansının zaman içindeki değişimi ne şekildeydi paylaşır mısın?,0.00–241.18; ort 2.95,
24,Renk değişimlerinin yoğun olduğu dönemler hangi tarihlerdeydi verebilir misin?,2023-04-27 (469 değişim); 2023-04-28 (408 değişim); 2023-10-10 (327 değişim),
24,Renk değişimlerinin yoğun olduğu dönemler hangi tarihlerdeydi söyler misin?,2023-04-27 (469 değişim); 2023-04-28 (408 değişim); 2023-10-10 (327 değişim),
24,Renk değişimlerinin yoğun olduğu dönemler hangi tarihlerdeydi belirtir misin?,2023-04-27 (469 değişim); 2023-04-28 (408 değişim); 2023-10-10 (327 değişim),
24,Renk değişimlerinin yoğun olduğu dönemler hangi tarihlerdeydi açıklayabilir misin?,2023-04-27 (469 değişim); 2023-04-28 (408 değişim); 2023-10-10 (327 değişim),
24,Renk değişimlerinin yoğun olduğu dönemler hangi tarihlerdeydi paylaşır mısın?,2023-04-27 (469 değişim); 2023-04-28 (408 değişim); 2023-10-10 (327 değişim),
25,En düşük arıza oranı hangi dönemdeydi verebilir misin?,"2023-02-03, 2023-02-04, 2023-02-05, 2023-02-06, 2023-02-07, 2023-02-08, 2023-02-09, 2023-02-10, 2023-02-11, 2023-02-12, 2023-02-13, 2023-02-14, 2023-02-15, 2023-02-16, 2023-02-17, 2023-02-19, 2023-02-22, 2023-02-23, 2023-02-25, 2023-03-01, 2023-03-02, 2023-03-03, 2023-03-04, 2023-03-05, 2023-03-06, 2023-03-07, 2023-03-09, 2023-03-10, 2023-03-11, 2023-03-12, 2023-03-13, 2023-03-14, 2023-03-15, 2023-03-16, 2023-03-17, 2023-03-18, 2023-03-19, 2023-03-20, 2023-03-21, 2023-03-22, 2023-03-23, 2023-03-24, 2023-03-29, 2023-03-30, 2023-03-31, 2023-04-03, 2023-04-04, 2023-04-05, 2023-04-06, 2023-04-07, 2023-04-08, 2023-04-09, 2023-04-10, 2023-04-18, 2023-04-19, 2023-04-20, 2023-05-05, 2023-05-10, 2023-05-13, 2023-05-15, 2023-05-16, 2023-05-17, 2023-05-18, 2023-05-19, 2023-05-20, 2023-05-23, 2023-05-24, 2023-05-25, 2023-05-26, 2023-05-27, 2023-05-28, 2023-05-29, 2023-05-30, 2023-05-31, 2023-06-02, 2023-06-03, 2023-06-04, 2023-06-05, 2023-06-06, 2023-06-07, 2023-06-08, 2023-06-12, 2023-06-13, 2023-06-14, 2023-06-19, 2023-06-20, 2023-06-21, 2023-06-22, 2023-06-23, 2023-06-24, 2023-06-25, 2023-06-26, 2023-06-27, 2023-06-28, 2023-06-29, 2023-07-04, 2023-07-05, 2023-07-06, 2023-07-07, 2023-07-08, 2023-07-09, 2023-07-10, 2023-07-11, 2023-07-12, 2023-07-13, 2023-07-14, 2023-07-17, 2023-07-19, 2023-07-21, 2023-07-22, 2023-07-23, 2023-07-28, 2023-07-29, 2023-08-01, 2023-08-02, 2023-08-03, 2023-08-04, 2023-08-05, 2023-08-06, 2023-08-07, 2023-08-08, 2023-08-09, 2023-08-10, 2023-08-11, 2023-08-12, 2023-08-13, 2023-08-14, 2023-08-15, 2023-08-16, 2023-08-17, 2023-08-18, 2023-08-19, 2023-08-20, 2023-08-21, 2023-08-22, 2023-08-23, 2023-08-24, 2023-08-25, 2023-08-26, 2023-08-27, 2023-08-28, 2023-08-29, 2023-08-30, 2023-08-31, 2023-09-01, 2023-09-02, 2023-09-03, 2023-09-04, 2023-09-05, 2023-09-06, 2023-09-07, 2023-09-08, 2023-09-09, 2023-09-10, 2023-09-11, 2023-09-12, 2023-09-13, 2023-09-14, 2023-09-15, 2023-09-16, 2023-09-17, 2023-09-18, 2023-09-19, 2023-09-20, 2023-09-21, 2023-09-22, 2023-09-23, 2023-09-24, 2023-09-25, 2023-09-26, 2023-09-27, 2023-09-28, 2023-09-29, 2023-10-13, 2023-10-22, 2023-10-23, 2023-10-24, 2023-10-25, 2023-10-26, 2023-10-27, 2023-10-31, 2023-11-01, 2023-11-02, 2023-11-03, 2023-11-04, 2023-11-05, 2023-11-06, 2023-11-07, 2023-11-08, 2023-11-09, 2023-11-13, 2023-11-14, 2023-11-15, 2023-11-17, 2023-11-18, 2023-11-23, 2023-11-24",
25,En düşük arıza oranı hangi dönemdeydi söyler misin?,"2023-02-03, 2023-02-04, 2023-02-05, 2023-02-06, 2023-02-07, 2023-02-08, 2023-02-09, 2023-02-10, 2023-02-11, 2023-02-12, 2023-02-13, 2023-02-14, 2023-02-15, 2023-02-16, 2023-02-17, 2023-02-19, 2023-02-22, 2023-02-23, 2023-02-25, 2023-03-01, 2023-03-02, 2023-03-03, 2023-03-04, 2023-03-05, 2023-03-06, 2023-03-07, 2023-03-09, 2023-03-10, 2023-03-11, 2023-03-12, 2023-03-13, 2023-03-14, 2023-03-15, 2023-03-16, 2023-03-17, 2023-03-18, 2023-03-19, 2023-03-20, 2023-03-21, 2023-03-22, 2023-03-23, 2023-03-24, 2023-03-29, 2023-03-30, 2023-03-31, 2023-04-03, 2023-04-04, 2023-04-05, 2023-04-06, 2023-04-07, 2023-04-08, 2023-04-09, 2023-04-10, 2023-04-18, 2023-04-19, 2023-04-20, 2023-05-05, 2023-05-10, 2023-05-13, 2023-05-15, 2023-05-16, 2023-05-17, 2023-05-18, 2023-05-19, 2023-05-20, 2023-05-23, 2023-05-24, 2023-05-25, 2023-05-26, 2023-05-27, 2023-05-28, 2023-05-29, 2023-05-30, 2023-05-31, 2023-06-02, 2023-06-03, 2023-06-04, 2023-06-05, 2023-06-06, 2023-06-07, 2023-06-08, 2023-06-12, 2023-06-13, 2023-06-14, 2023-06-19, 2023-06-20, 2023-06-21, 2023-06-22, 2023-06-23, 2023-06-24, 2023-06-25, 2023-06-26, 2023-06-27, 2023-06-28, 2023-06-29, 2023-07-04, 2023-07-05, 2023-07-06, 2023-07-07, 2023-07-08, 2023-07-09, 2023-07-10, 2023-07-11, 2023-07-12, 2023-07-13, 2023-07-14, 2023-07-17, 2023-07-19, 2023-07-21, 2023-07-22, 2023-07-23, 2023-07-28, 2023-07-29, 2023-08-01, 2023-08-02, 2023-08-03, 2023-08-04, 2023-08-05, 2023-08-06, 2023-08-07, 2023-08-08, 2023-08-09, 2023-08-10, 2023-08-11, 2023-08-12, 2023-08-13, 2023-08-14, 2023-08-15, 2023-08-16, 2023-08-17, 2023-08-18, 2023-08-19, 2023-08-20, 2023-08-21, 2023-08-22, 2023-08-23, 2023-08-24, 2023-08-25, 2023-08-26, 2023-08-27, 2023-08-28, 2023-08-29, 2023-08-30, 2023-08-31, 2023-09-01, 2023-09-02, 2023-09-03, 2023-09-04, 2023-09-05, 2023-09-06, 2023-09-07, 2023-09-08, 2023-09-09, 2023-09-10, 2023-09-11, 2023-09-12, 2023-09-13, 2023-09-14, 2023-09-15, 2023-09-16, 2023-09-17, 2023-09-18, 2023-09-19, 2023-09-20, 2023-09-21, 2023-09-22, 2023-09-23, 2023-09-24, 2023-09-25, 2023-09-26, 2023-09-27, 2023-09-28, 2023-09-29, 2023-10-13, 2023-10-22, 2023-10-23, 2023-10-24, 2023-10-25, 2023-10-26, 2023-10-27, 2023-10-31, 2023-11-01, 2023-11-02, 2023-11-03, 2023-11-04, 2023-11-05, 2023-11-06, 2023-11-07, 2023-11-08, 2023-11-09, 2023-11-13, 2023-11-14, 2023-11-15, 2023-11-17, 2023-11-18, 2023-11-23, 2023-11-24",
25,En düşük arıza oranı hangi dönemdeydi belirtir misin?,"2023-02-03, 2023-02-04, 2023-02-05, 2023-02-06, 2023-02-07, 2023-02-08, 2023-02-09, 2023-02-10, 2023-02-11, 2023-02-12, 2023-02-13, 2023-02-14, 2023-02-15, 2023-02-16, 2023-02-17, 2023-02-19, 2023-02-22, 2023-02-23, 2023-02-25, 2023-03-01, 2023-03-02, 2023-03-03, 2023-03-04, 2023-03-05, 2023-03-06, 2023-03-07, 2023-03-09, 2023-03-10, 2023-03-11, 2023-03-12, 2023-03-13, 2023-03-14, 2023-03-15, 2023-03-16, 2023-03-17, 2023-03-18, 2023-03-19, 2023-03-20, 2023-03-21, 2023-03-22, 2023-03-23, 2023-03-24, 2023-03-29, 2023-03-30, 2023-03-31, 2023-04-03, 2023-04-04, 2023-04-05, 2023-04-06, 2023-04-07, 2023-04-08, 2023-04-09, 2023-04-10, 2023-04-18, 2023-04-19, 2023-04-20, 2023-05-05, 2023-05-10, 2023-05-13, 2023-05-15, 2023-05-16, 2023-05-17, 2023-05-18, 2023-05-19, 2023-05-20, 2023-05-23, 2023-05-24, 2023-05-25, 2023-05-26, 2023-05-27, 2023-05-28, 2023-05-29, 2023-05-30, 2023-05-31, 2023-06-02, 2023-06-03, 2023-06-04, 2023-06-05, 2023-06-06, 2023-06-07, 2023-06-08, 2023-06-12, 2023-06-13, 2023-06-14, 2023-06-19, 2023-06-20, 2023-06-21, 2023-06-22, 2023-06-23, 2023-06-24, 2023-06-25, 2023-06-26, 2023-06-27, 2023-06-28, 2023-06-29, 2023-07-04, 2023-07-05, 2023-07-06, 2023-07-07, 2023-07-08, 2023-07-09, 2023-07-10, 2023-07-11, 2023-07-12, 2023-07-13, 2023-07-14, 2023-07-17, 2023-07-19, 2023-07-21, 2023-07-22, 2023-07-23, 2023-07-28, 2023-07-29, 2023-08-01, 2023-08-02, 2023-08-03, 2023-08-04, 2023-08-05, 2023-08-06, 2023-08-07, 2023-08-08, 2023-08-09, 2023-08-10, 2023-08-11, 2023-08-12, 2023-08-13, 2023-08-14, 2023-08-15, 2023-08-16, 2023-08-17, 2023-08-18, 2023-08-19, 2023-08-20, 2023-08-21, 2023-08-22, 2023-08-23, 2023-08-24, 2023-08-25, 2023-08-26, 2023-08-27, 2023-08-28, 2023-08-29, 2023-08-30, 2023-08-31, 2023-09-01, 2023-09-02, 2023-09-03, 2023-09-04, 2023-09-05, 2023-09-06, 2023-09-07, 2023-09-08, 2023-09-09, 2023-09-10, 2023-09-11, 2023-09-12, 2023-09-13, 2023-09-14, 2023-09-15, 2023-09-16, 2023-09-17, 2023-09-18, 2023-09-19, 2023-09-20, 2023-09-21, 2023-09-22, 2023-09-23, 2023-09-24, 2023-09-25, 2023-09-26, 2023-09-27, 2023-09-28, 2023-09-29, 2023-10-13, 2023-10-22, 2023-10-23, 2023-10-24, 2023-10-25, 2023-10-26, 2023-10-27, 2023-10-31, 2023-11-01, 2023-11-02, 2023-11-03, 2023-11-04, 2023-11-05, 2023-11-06, 2023-11-07, 2023-11-08, 2023-11-09, 2023-11-13, 2023-11-14, 2023-11-15, 2023-11-17, 2023-11-18, 2023-11-23, 2023-11-24",
25,En düşük arıza oranı hangi dönemdeydi açıklayabilir misin?,"2023-02-03, 2023-02-04, 2023-02-05, 2023-02-06, 2023-02-07, 2023-02-08, 2023-02-09, 2023-02-10, 2023-02-11, 2023-02-12, 2023-02-13, 2023-02-14, 2023-02-15, 2023-02-16, 2023-02-17, 2023-02-19, 2023-02-22, 2023-02-23, 2023-02-25, 2023-03-01, 2023-03-02, 2023-03-03, 2023-03-04, 2023-03-05, 2023-03-06, 2023-03-07, 2023-03-09, 2023-03-10, 2023-03-11, 2023-03-12, 2023-03-13, 2023-03-14, 2023-03-15, 2023-03-16, 2023-03-17, 2023-03-18, 2023-03-19, 2023-03-20, 2023-03-21, 2023-03-22, 2023-03-23, 2023-03-24, 2023-03-29, 2023-03-30, 2023-03-31, 2023-04-03, 2023-04-04, 2023-04-05, 2023-04-06, 2023-04-07, 2023-04-08, 2023-04-09, 2023-04-10, 2023-04-18, 2023-04-19, 2023-04-20, 2023-05-05, 2023-05-10, 2023-05-13, 2023-05-15, 2023-05-16, 2023-05-17, 2023-05-18, 2023-05-19, 2023-05-20, 2023-05-23, 2023-05-24, 2023-05-25, 2023-05-26, 2023-05-27, 2023-05-28, 2023-05-29, 2023-05-30, 2023-05-31, 2023-06-02, 2023-06-03, 2023-06-04, 2023-06-05, 2023-06-06, 2023-06-07, 2023-06-08, 2023-06-12, 2023-06-13, 2023-06-14, 2023-06-19, 2023-06-20, 2023-06-21, 2023-06-22, 2023-06-23, 2023-06-24, 2023-06-25, 2023-06-26, 2023-06-27, 2023-06-28, 2023-06-29, 2023-07-04, 2023-07-05, 2023-07-06, 2023-07-07, 2023-07-08, 2023-07-09, 2023-07-10, 2023-07-11, 2023-07-12, 2023-07-13, 2023-07-14, 2023-07-17, 2023-07-19, 2023-07-21, 2023-07-22, 2023-07-23, 2023-07-28, 2023-07-29, 2023-08-01, 2023-08-02, 2023-08-03, 2023-08-04, 2023-08-05, 2023-08-06, 2023-08-07, 2023-08-08, 2023-08-09, 2023-08-10, 2023-08-11, 2023-08-12, 2023-08-13, 2023-08-14, 2023-08-15, 2023-08-16, 2023-08-17, 2023-08-18, 2023-08-19, 2023-08-20, 2023-08-21, 2023-08-22, 2023-08-23, 2023-08-24, 2023-08-25, 2023-08-26, 2023-08-27, 2023-08-28, 2023-08-29, 2023-08-30, 2023-08-31, 2023-09-01, 2023-09-02, 2023-09-03, 2023-09-04, 2023-09-05, 2023-09-06, 2023-09-07, 2023-09-08, 2023-09-09, 2023-09-10, 2023-09-11, 2023-09-12, 2023-09-13, 2023-09-14, 2023-09-15, 2023-09-16, 2023-09-17, 2023-09-18, 2023-09-19, 2023-09-20, 2023-09-21, 2023-09-22, 2023-09-23, 2023-09-24, 2023-09-25, 2023-09-26, 2023-09-27, 2023-09-28, 2023-09-29, 2023-10-13, 2023-10-22, 2023-10-23, 2023-10-24, 2023-10-25, 2023-10-26, 2023-10-27, 2023-10-31, 2023-11-01, 2023-11-02, 2023-11-03, 2023-11-04, 2023-11-05, 2023-11-06, 2023-11-07, 2023-11-08, 2023-11-09, 2023-11-13, 2023-11-14, 2023-11-15, 2023-11-17, 2023-11-18, 2023-11-23, 2023-11-24",
25,En düşük arıza oranı hangi dönemdeydi paylaşır mısın?,"2023-02-03, 2023-02-04, 2023-02-05, 2023-02-06, 2023-02-07, 2023-02-08, 2023-02-09, 2023-02-10, 2023-02-11, 2023-02-12, 2023-02-13, 2023-02-14, 2023-02-15, 2023-02-16, 2023-02-17, 2023-02-19, 2023-02-22, 2023-02-23, 2023-02-25, 2023-03-01, 2023-03-02, 2023-03-03, 2023-03-04, 2023-03-05, 2023-03-06, 2023-03-07, 2023-03-09, 2023-03-10, 2023-03-11, 2023-03-12, 2023-03-13, 2023-03-14, 2023-03-15, 2023-03-16, 2023-03-17, 2023-03-18, 2023-03-19, 2023-03-20, 2023-03-21, 2023-03-22, 2023-03-23, 2023-03-24, 2023-03-29, 2023-03-30, 2023-03-31, 2023-04-03, 2023-04-04, 2023-04-05, 2023-04-06, 2023-04-07, 2023-04-08, 2023-04-09, 2023-04-10, 2023-04-18, 2023-04-19, 2023-04-20, 2023-05-05, 2023-05-10, 2023-05-13, 2023-05-15, 2023-05-16, 2023-05-17, 2023-05-18, 2023-05-19, 2023-05-20, 2023-05-23, 2023-05-24, 2023-05-25, 2023-05-26, 2023-05-27, 2023-05-28, 2023-05-29, 2023-05-30, 2023-05-31, 2023-06-02, 2023-06-03, 2023-06-04, 2023-06-05, 2023-06-06, 2023-06-07, 2023-06-08, 2023-06-12, 2023-06-13, 2023-06-14, 2023-06-19, 2023-06-20, 2023-06-21, 2023-06-22, 2023-06-23, 2023-06-24, 2023-06-25, 2023-06-26, 2023-06-27, 2023-06-28, 2023-06-29, 2023-07-04, 2023-07-05, 2023-07-06, 2023-07-07, 2023-07-08, 2023-07-09, 2023-07-10, 2023-07-11, 2023-07-12, 2023-07-13, 2023-07-14, 2023-07-17, 2023-07-19, 2023-07-21, 2023-07-22, 2023-07-23, 2023-07-28, 2023-07-29, 2023-08-01, 2023-08-02, 2023-08-03, 2023-08-04, 2023-08-05, 2023-08-06, 2023-08-07, 2023-08-08, 2023-08-09, 2023-08-10, 2023-08-11, 2023-08-12, 2023-08-13, 2023-08-14, 2023-08-15, 2023-08-16, 2023-08-17, 2023-08-18, 2023-08-19, 2023-08-20, 2023-08-21, 2023-08-22, 2023-08-23, 2023-08-24, 2023-08-25, 2023-08-26, 2023-08-27, 2023-08-28, 2023-08-29, 2023-08-30, 2023-08-31, 2023-09-01, 2023-09-02, 2023-09-03, 2023-09-04, 2023-09-05, 2023-09-06, 2023-09-07, 2023-09-08, 2023-09-09, 2023-09-10, 2023-09-11, 2023-09-12, 2023-09-13, 2023-09-14, 2023-09-15, 2023-09-16, 2023-09-17, 2023-09-18, 2023-09-19, 2023-09-20, 2023-09-21, 2023-09-22, 2023-09-23, 2023-09-24, 2023-09-25, 2023-09-26, 2023-09-27, 2023-09-28, 2023-09-29, 2023-10-13, 2023-10-22, 2023-10-23, 2023-10-24, 2023-10-25, 2023-10-26, 2023-10-27, 2023-10-31, 2023-11-01, 2023-11-02, 2023-11-03, 2023-11-04, 2023-11-05, 2023-11-06, 2023-11-07, 2023-11-08, 2023-11-09, 2023-11-13, 2023-11-14, 2023-11-15, 2023-11-17, 2023-11-18, 2023-11-23, 2023-11-24",
26,En fazla performans değişikliği hangi ayda yaşandı verebilir misin?,"2023-01, 2023-04, 2023-05, 2023-07, 2023-10, 2023-12",
26,En fazla performans değişikliği hangi ayda yaşandı söyler misin?,"2023-01, 2023-04, 2023-05, 2023-07, 2023-10, 2023-12",
26,En fazla performans değişikliği hangi ayda yaşandı belirtir misin?,"2023-01, 2023-04, 2023-05, 2023-07, 2023-10, 2023-12",
26,En fazla performans değişikliği hangi ayda yaşandı açıklayabilir misin?,"2023-01, 2023-04, 2023-05, 2023-07, 2023-10, 2023-12",
26,En fazla performans değişikliği hangi ayda yaşandı paylaşır mısın?,0.00–241.18; ort 2.95,
27,Yıllık performans ortalaması nedir verebilir misin?,Değerler 0.00–241.18 mm/s arasında dalgalanmıştır.,
27,Yıllık performans ortalaması nedir söyler misin?,2023:2.95,
27,Yıllık performans ortalaması nedir belirtir misin?,Değerler 0.00–241.18 mm/s arasında dalgalanmıştır.,
27,Yıllık performans ortalaması nedir açıklayabilir misin?,2023:2.95,
27,Yıllık performans ortalaması nedir paylaşır mısın?,2023:2.95,
28,Makine yeşil seviyeden kırmızı seviyeye ne sıklıkla geçiş yaptı verebilir misin?,0,
28,Makine yeşil seviyeden kırmızı seviyeye ne sıklıkla geçiş yaptı söyler misin?,0,
28,Makine yeşil seviyeden kırmızı seviyeye ne sıklıkla geçiş yaptı belirtir misin?,0,
28,Makine yeşil seviyeden kırmızı seviyeye ne sıklıkla geçiş yaptı açıklayabilir misin?,0,
28,Makine yeşil seviyeden kırmızı seviyeye ne sıklıkla geçiş yaptı paylaşır mısın?,0,
29,Son bir ay içinde makinenin hangi renk aralıklarında çalıştığını gösterebilir misin verebilir misin?,2023-05-24,
29,Son bir ay içinde makinenin hangi renk aralıklarında çalıştığını gösterebilir misin söyler misin?,2023-05-24,
29,Son bir ay içinde makinenin hangi renk aralıklarında çalıştığını gösterebilir misin belirtir misin?,2023-05-24,
29,Son bir ay içinde makinenin hangi renk aralıklarında çalıştığını gösterebilir misin açıklayabilir misin?,2023-05-24,
29,Son bir ay içinde makinenin hangi renk aralıklarında çalıştığını gösterebilir misin paylaşır mısın?,2023-05-24,
30,Makinenin en yüksek sayısal değerlerde alarm verdiği günler hangileriydi verebilir misin?,2.8–11.2 mm/s,
30,Makinenin en yüksek sayısal değerlerde alarm verdiği günler hangileriydi söyler misin?,2.8–11.2 mm/s,
30,Makinenin en yüksek sayısal değerlerde alarm verdiği günler hangileriydi belirtir misin?,2.8–11.2 mm/s,
30,Makinenin en yüksek sayısal değerlerde alarm verdiği günler hangileriydi açıklayabilir misin?,14+ mm/s,
30,Makinenin en yüksek sayısal değerlerde alarm verdiği günler hangileriydi paylaşır mısın?,14+ mm/s,
31,Makine iyileştirme önerileri verebilir misin?,Düzenli bakım ve sensör kalibrasyonu önerilir.,
31,Makine iyileştirme önerileri söyler misin?,Düzenli bakım ve sensör kalibrasyonu önerilir.,
31,Makine iyileştirme önerileri belirtir misin?,Düzenli bakım ve sensör kalibrasyonu önerilir.,
31,Makine iyileştirme önerileri açıklayabilir misin?,"Aşağıda RTF makinesi titreşim verileri var:
Tarih: 2023-04-26, Durum: Yellow, Değer: 8.01
Tarih: 2023-04-26, Durum: Yellow, Değer: 8.01
Tarih: 2023-04-26, Durum: Yellow, Değer: 8.01
Tarih: 2023-04-26, Durum: Yellow, Değer: 8.01
Tarih: 2023-04-26, Durum: Yellow, Değer: 8.01
Tarih: 2023-04-26, Durum: Yellow, Değer: 8.01
Tarih: 2023-04-26, Durum: Yellow, Değer: 8.01
Tarih: 2023-04-26, Durum: Yellow, Değer: 8.01

Soru: RTF makinesi iyileştirme önerileri açıklayabilir misin?
Lütfen kısa bir Türkçe cevap verin.",
31,Makine iyileştirme önerileri paylaşır mısın?,"Aşağıda RTF makinesi titreşim verileri var:
Tarih: 2023-04-24, Durum: Yellow, Değer: 5.00
Tarih: 2023-04-24, Durum: Yellow, Değer: 5.00
Tarih: 2023-04-24, Durum: Yellow, Değer: 5.00
Tarih: 2023-04-13, Durum: Yellow, Değer: 5.00
Tarih: 2023-04-15, Durum: Yellow, Değer: 3.00
Tarih: 2023-04-15, Durum: Yellow, Değer: 3.00
Tarih: 2023-04-15, Durum: Yellow, Değer: 3.00
Tarih: 2023-04-15, Durum: Yellow, Değer: 3.00

Soru: RTF makinesi iyileştirme önerileri paylaşır mısın?
Lütfen kısa bir Türkçe cevap verin.",
32,Makinenin performansını ne etkiliyor olabilir verebilir misin?,"Faktörler: fan yatak aşınması, balans bozulması, mekanik gevşeme.",
32,Makinenin performansını ne etkiliyor olabilir söyler misin?,"Faktörler: fan yatak aşınması, balans bozulması, mekanik gevşeme.",
32,Makinenin performansını ne etkiliyor olabilir belirtir misin?,"Faktörler: fan yatak aşınması, balans bozulması, mekanik gevşeme.",
32,Makinenin performansını ne etkiliyor olabilir açıklayabilir misin?,"Faktörler: fan yatak aşınması, balans bozulması, mekanik gevşeme.",
32,Makinenin performansını ne etkiliyor olabilir paylaşır mısın?,"Faktörler: fan yatak aşınması, balans bozulması, mekanik gevşeme.",
33,Geçen yıl hangi aylarda makine kırmızı alarm verdi?,14+ mm/s,
33,"Makine, 2023'ün ilk 6 ayında kaç ay boyunca yeşil alarm seviyesinde çalıştı?","2023-01-31, 2023-04-25, 2023-04-26, 2023-04-27, 2023-04-28, 2023-04-29, 2023-04-30, 2023-05-01, 2023-05-04, 2023-07-02, 2023-07-03, 2023-07-24, 2023-10-04, 2023-10-05, 2023-10-06, 2023-11-21, 2023-11-26, 2023-12-10",
33,Son 4 ayda turuncu alarm seviyesinin görüldüğü aylar hangileri?,Veri aralığı yalnızca 2023-01-18–2023-12-23 arasında mevcut.,
33,Mart 2023'te makine hangi alarm seviyelerinde çalıştı?,"2023-01-31, 2023-04-25, 2023-04-26, 2023-04-27, 2023-04-28, 2023-04-29, 2023-04-30, 2023-05-01, 2023-05-04, 2023-07-02, 2023-07-03, 2023-07-24, 2023-10-04, 2023-10-05, 2023-10-06, 2023-11-21, 2023-11-26, 2023-12-10",
33,Makine hangi aylarda hiç kırmızı durum göstermedi?,"Aşağıda RTF makinesi titreşim verileri var:
Tarih: 2023-07-02, Durum: Yellow, Değer: 9.11
Tarih: 2023-07-02, Durum: Yellow, Değer: 9.11
Tarih: 2023-07-02, Durum: Yellow, Değer: 9.11
Tarih: 2023-07-02, Durum: Yellow, Değer: 9.11
Tarih: 2023-07-02, Durum: Yellow, Değer: 9.11
Tarih: 2023-07-02, Durum: Yellow, Değer: 9.11
Tarih: 2023-07-02, Durum: Yellow, Değer: 9.11
Tarih: 2023-07-03, Durum: Yellow, Değer: 9.11

Soru: RTF makinesi hangi aylarda hiç kırmızı durum göstermedi?
Lütfen kısa bir Türkçe cevap verin.",
33,Temmuz 2023'ün kaç ayında sarı durum hâkimdi?,"min=0.00, max=241.18, ort=2.95 mm/s",
33,2022–2023 kış aylarında makine performansı nasıldı?,"min=0.00, max=241.18, ort=2.95 mm/s",
34,Makine en son hangi tarihte kırmızı değerler verdi?,2023-05-24,
34,Son 10 günde kaç gün makine turuncu alarm seviyesindeydi?,Veri aralığı yalnızca 2023-01-18–2023-12-23 arasında mevcut.,
34,15/02/2023–15/03/2023 tarihleri arasında makine kaç gün tamamen durdu?,14351,
34,Günlük bazda en düşük titreşim değeri hangi tarihte ölçüldü?,2023-01-19: Yellow; 2023-01-20: Yellow; 2023-01-21: Yellow; 2023-01-22: Yellow; 2023-01-23: Yellow; 2023-01-24: Yellow; 2023-01-25: Yellow; 2023-01-26: Yellow; 2023-01-27: Yellow; 2023-01-28: Yellow; 2023-01-29: Yellow; 2023-01-30: Yellow; 2023-02-01: Yellow; 2023-02-03: Green; 2023-02-04: Green; 2023-02-05: Green; 2023-02-06: Green; 2023-02-07: Green; 2023-02-08: Green; 2023-02-09: Green; 2023-02-10: Green; 2023-02-11: Green; 2023-02-12: Green; 2023-02-13: Green; 2023-02-14: Green; 2023-02-15: Green; 2023-02-16: Green; 2023-02-17: Green; 2023-02-19: Green; 2023-02-22: Green; 2023-02-23: Green; 2023-02-25: Green; 2023-03-01: Green; 2023-03-02: Green; 2023-03-03: Green; 2023-03-04: Green; 2023-03-05: Green; 2023-03-06: Green; 2023-03-07: Green; 2023-03-09: Green; 2023-03-10: Green; 2023-03-11: Green; 2023-03-12: Green; 2023-03-13: Green; 2023-03-14: Green; 2023-03-15: Green; 2023-03-16: Green; 2023-03-17: Green; 2023-03-18: Green; 2023-03-19: Green; 2023-03-20: Green; 2023-03-21: Green; 2023-03-22: Green; 2023-03-23: Green; 2023-03-24: Green; 2023-03-29: Green; 2023-03-30: Green; 2023-03-31: Green; 2023-04-03: Green; 2023-04-04: Green; 2023-04-05: Green; 2023-04-06: Green; 2023-04-07: Green; 2023-04-08: Green; 2023-04-09: Green; 2023-04-10: Green; 2023-04-18: Green; 2023-04-19: Green; 2023-04-20: Green; 2023-05-02: Red; 2023-05-03: Red; 2023-05-05: Green; 2023-05-10: Green; 2023-05-13: Green; 2023-05-15: Green; 2023-05-16: Green; 2023-05-17: Green; 2023-05-18: Green; 2023-05-19: Green; 2023-05-20: Green; 2023-05-23: Green; 2023-05-24: Green; 2023-05-25: Green; 2023-05-26: Green; 2023-05-27: Green; 2023-05-28: Green; 2023-05-29: Green; 2023-05-30: Green; 2023-05-31: Green; 2023-06-02: Green; 2023-06-03: Green; 2023-06-04: Green; 2023-06-05: Green; 2023-06-06: Green; 2023-06-07: Green; 2023-06-08: Green; 2023-06-12: Green; 2023-06-13: Green; 2023-06-14: Green; 2023-06-19: Green; 2023-06-20: Green; 2023-06-21: Green; 2023-06-22: Green; 2023-06-23: Green; 2023-06-24: Green; 2023-06-25: Green; 2023-06-26: Green; 2023-06-27: Green; 2023-06-28: Green; 2023-06-29: Green; 2023-07-04: Green; 2023-07-05: Green; 2023-07-06: Green; 2023-07-07: Green; 2023-07-08: Green; 2023-07-09: Green; 2023-07-10: Green; 2023-07-11: Green; 2023-07-12: Green; 2023-07-13: Green; 2023-07-14: Green; 2023-07-17: Green; 2023-07-19: Green; 2023-07-21: Green; 2023-07-22: Green; 2023-07-23: Green; 2023-07-28: Green; 2023-07-29: Green; 2023-08-01: Green; 2023-08-02: Green; 2023-08-03: Green; 2023-08-04: Green; 2023-08-05: Green; 2023-08-06: Green; 2023-08-07: Green; 2023-08-08: Green; 2023-08-09: Green; 2023-08-10: Green; 2023-08-11: Green; 2023-08-12: Green; 2023-08-13: Green; 2023-08-14: Green; 2023-08-15: Green; 2023-08-16: Green; 2023-08-17: Green; 2023-08-18: Green; 2023-08-19: Green; 2023-08-20: Green; 2023-08-21: Green; 2023-08-22: Green; 2023-08-23: Green; 2023-08-24: Green; 2023-08-25: Green; 2023-08-26: Green; 2023-08-27: Green; 2023-08-28: Green; 2023-08-29: Green; 2023-08-30: Green; 2023-08-31: Green; 2023-09-01: Green; 2023-09-02: Green; 2023-09-03: Green; 2023-09-04: Green; 2023-09-05: Green; 2023-09-06: Green; 2023-09-07: Green; 2023-09-08: Green; 2023-09-09: Green; 2023-09-10: Green; 2023-09-11: Green; 2023-09-12: Green; 2023-09-13: Green; 2023-09-14: Green; 2023-09-15: Green; 2023-09-16: Green; 2023-09-17: Green; 2023-09-18: Green; 2023-09-19: Green; 2023-09-20: Green; 2023-09-21: Green; 2023-09-22: Green; 2023-09-23: Green; 2023-09-24: Green; 2023-09-25: Green; 2023-09-26: Green; 2023-09-27: Green; 2023-09-28: Green; 2023-09-29: Green; 2023-10-02: Yellow; 2023-10-03: Yellow; 2023-10-13: Green; 2023-10-22: Green; 2023-10-23: Green; 2023-10-24: Green; 2023-10-25: Green; 2023-10-26: Green; 2023-10-27: Green; 2023-10-31: Green; 2023-11-01: Green; 2023-11-02: Green; 2023-11-03: Green; 2023-11-04: Green; 2023-11-05: Green; 2023-11-06: Green; 2023-11-07: Green; 2023-11-08: Green; 2023-11-09: Green; 2023-11-13: Green; 2023-11-14: Green; 2023-11-15: Green; 2023-11-17: Green; 2023-11-18: Green; 2023-11-23: Green; 2023-11-24: Green,
34,Geçen haftanın en sarı alarm günleri hangileriydi?,14+ mm/s,
34,"Geçen ayın 5, 10 ve 20'sinde makine hangi renk seviyesindeydi?","Aşağıda RTF makinesi titreşim verileri var:
Tarih: 2023-10-04, Durum: Yellow, Değer: 5.85
Tarih: 2023-10-04, Durum: Yellow, Değer: 5.00
Tarih: 2023-10-04, Durum: Yellow, Değer: 5.00
Tarih: 2023-10-04, Durum: Yellow, Değer: 5.00
Tarih: 2023-10-04, Durum: Yellow, Değer: 5.00
Tarih: 2023-10-04, Durum: Yellow, Değer: 5.00
Tarih: 2023-10-04, Durum: Yellow, Değer: 5.00
Tarih: 2023-10-04, Durum: Yellow, Değer: 5.00

Soru: Geçen ayın 5, 10 ve 20'sinde RTF makinesi hangi renk seviyesindeydi?
Lütfen kısa bir Türkçe cevap verin.",
34,Makine 2023-04-27 tarihinde arıza yaptı mı?,"2023-01-31, 2023-04-25, 2023-04-26, 2023-04-27, 2023-04-28, 2023-04-29, 2023-04-30, 2023-05-01, 2023-05-04, 2023-07-02, 2023-07-03, 2023-07-24, 2023-10-04, 2023-10-05, 2023-10-06, 2023-11-21, 2023-11-26, 2023-12-10",
35,"Makine, 14 mm/s üzeri değerlerde kaç kez kırmızı alarma geçti?","2023-01-31, 2023-04-25, 2023-04-26, 2023-04-27, 2023-04-28, 2023-04-29, 2023-04-30, 2023-05-01, 2023-05-04, 2023-07-02, 2023-07-03, 2023-07-24, 2023-10-04, 2023-10-05, 2023-10-06, 2023-11-21, 2023-11-26, 2023-12-10",
35,Toplam kaç kez sarı alarm seviyesine iniş-çıkış oldu?,2023-05-03,
35,Makine performansındaki dalgalanma (max–min) değeri nedir?,0.00–241.18; ort 2.95,
35,Yeşil alandan doğrudan kırmızıya kaç kez geçiş oldu?,0,
35,Turuncu seviyede arıza riski kaç sefer görüldü?,Veri aralığı: 2023-01-18–2023-12-23.,
35,Makine en uzun süre hangi renk seviyesinde kaldı?,"Aşağıda RTF makinesi titreşim verileri var:
Tarih: 2023-07-02, Durum: Yellow, Değer: 9.11
Tarih: 2023-07-02, Durum: Yellow, Değer: 9.11
Tarih: 2023-07-02, Durum: Yellow, Değer: 9.11
Tarih: 2023-07-02, Durum: Yellow, Değer: 9.11
Tarih: 2023-07-02, Durum: Yellow, Değer: 9.11
Tarih: 2023-07-02, Durum: Yellow, Değer: 9.11
Tarih: 2023-07-02, Durum: Yellow, Değer: 9.11
Tarih: 2023-07-03, Durum: Yellow, Değer: 9.11

Soru: RTF makinesi en uzun süre hangi renk seviyesinde kaldı?
Lütfen kısa bir Türkçe cevap verin.",
35,Sarı alarm seviyesinde kaç saat çalıştı?,2023-05-03,
